unit,cycle,health,RUL,RUL 80% range,risk band,prob,top sensors (risk),review
81,213,abnormal,6,4-26,FAILURE_LIKELY,0.992,"sensor_7, sensor_8, sensor_2",high risk
34,203,abnormal,7,0-28,FAILURE_LIKELY,1.0,"sensor_11, sensor_8, sensor_4",high risk
68,187,abnormal,8,8-28,FAILURE_LIKELY,0.997,"sensor_8, sensor_7, sensor_11",high risk
82,162,abnormal,8,7-34,FAILURE_LIKELY,1.0,"sensor_11, sensor_7, sensor_15",high risk
56,136,abnormal,10,7-27,FAILURE_LIKELY,0.97,"sensor_15, sensor_12, sensor_2",high risk
42,156,abnormal,11,11-38,FAILURE_LIKELY,0.999,"sensor_8, sensor_7, sensor_4",high risk
76,205,abnormal,12,8-28,FAILURE_LIKELY,0.982,"sensor_4, sensor_15, sensor_11",high risk
31,196,abnormal,12,7-28,FAILURE_LIKELY,0.951,"sensor_7, sensor_2, sensor_12",high risk
35,198,abnormal,14,8-30,FAILURE_LIKELY,0.875,"sensor_4, sensor_15, sensor_2",high risk
20,184,abnormal,16,9-34,FAILURE_LIKELY,0.989,"sensor_11, sensor_7, sensor_15",high risk
66,147,abnormal,16,15-34,HIGH_RISK,0.516,"sensor_9, sensor_12, sensor_14",high risk; low confidence
61,159,abnormal,16,16-90,HIGH_RISK,0.974,"sensor_13, sensor_11, sensor_2",high risk
49,303,abnormal,17,10-34,HIGH_RISK,0.844,"sensor_13, sensor_11, sensor_7",high risk
92,150,abnormal,20,12-39,HIGH_RISK,0.808,"sensor_11, sensor_12, sensor_7",high risk
36,126,abnormal,21,16-35,HIGH_RISK,0.984,"sensor_11, sensor_3, cycle",high risk
53,164,abnormal,22,22-50,HIGH_RISK,0.981,"sensor_9, sensor_3, sensor_14",high risk
100,198,abnormal,22,18-50,HIGH_RISK,0.955,"sensor_7, sensor_9, sensor_14",high risk
24,186,abnormal,22,22-50,HIGH_RISK,0.996,"sensor_9, sensor_14, sensor_11",high risk
91,234,abnormal,27,14-36,HIGH_RISK,0.73,"sensor_3, sensor_9, sensor_4",high risk
52,189,abnormal,29,29-50,HIGH_RISK,0.594,"sensor_9, sensor_14, sensor_7",high risk; low confidence
18,133,abnormal,31,30-125,HIGH_RISK,0.677,"sensor_20, sensor_7, cycle",high risk
37,121,abnormal,34,34-125,HIGH_RISK,0.968,"sensor_3, sensor_13, sensor_8",high risk
64,168,abnormal,36,22-80,HIGH_RISK,0.763,"sensor_9, sensor_17, sensor_13",high risk
41,123,abnormal,37,29-125,HIGH_RISK,0.841,"sensor_2, sensor_13, sensor_7",high risk
40,133,abnormal,26,18-46,AT_RISK,0.549,"cycle, sensor_3, sensor_4",low confidence
90,146,abnormal,31,17-51,AT_RISK,0.76,"sensor_11, sensor_17, sensor_7",-
46,146,abnormal,31,27-71,AT_RISK,0.776,"sensor_12, sensor_11, cycle",-
77,162,abnormal,43,29-114,AT_RISK,0.474,"sensor_3, sensor_12, sensor_13",low confidence
93,244,abnormal,44,22-52,AT_RISK,0.948,"sensor_4, sensor_13, cycle",-
17,165,abnormal,46,42-66,AT_RISK,0.967,"cycle, sensor_3, sensor_14",-
62,232,abnormal,47,37-68,AT_RISK,0.923,"sensor_3, sensor_9, cycle",-
32,145,abnormal,48,48-68,AT_RISK,0.757,"sensor_4, sensor_9, cycle",-
58,176,abnormal,51,26-93,AT_RISK,0.715,"cycle, sensor_4, sensor_11",-
38,125,abnormal,51,31-92,AT_RISK,0.937,"sensor_11, sensor_17, sensor_9",-
84,172,abnormal,51,32-121,AT_RISK,0.787,"cycle, sensor_4, sensor_3",-
3,126,abnormal,53,28-109,AT_RISK,0.917,"sensor_13, sensor_14, sensor_3",-
43,172,abnormal,66,36-125,AT_RISK,0.584,"cycle, sensor_4, sensor_17",low confidence
8,166,normal,79,41-125,AT_RISK,0.706,"cycle, sensor_17, sensor_21",-
57,160,normal,89,38-125,AT_RISK,0.63,"cycle, sensor_3, sensor_13",-
29,171,normal,91,51-125,AT_RISK,0.559,"sensor_4, cycle, sensor_3",low confidence
45,152,abnormal,71,36-125,NORMAL,0.617,"sensor_9, sensor_14, sensor_20",-
60,147,normal,71,46-125,NORMAL,0.628,"sensor_11, sensor_8, cycle",-
21,148,normal,73,58-81,NORMAL,0.506,"sensor_14, sensor_15, sensor_9",low confidence
5,98,normal,74,45-125,NORMAL,0.538,"sensor_3, sensor_12, sensor_2",low confidence
10,192,normal,74,46-125,NORMAL,0.548,"sensor_4, sensor_3, sensor_17",low confidence
72,131,normal,76,43-125,NORMAL,0.734,"sensor_3, cycle, sensor_8",-
19,135,normal,77,60-125,NORMAL,0.721,"sensor_3, sensor_15, cycle",-
94,133,abnormal,78,30-103,NORMAL,0.795,"sensor_13, sensor_21, sensor_11",-
86,110,normal,83,47-125,NORMAL,0.811,"sensor_3, sensor_14, sensor_11",-
13,195,normal,83,45-125,NORMAL,0.981,"sensor_3, cycle, sensor_11",-
70,152,normal,83,42-125,NORMAL,0.778,"sensor_3, sensor_11, cycle",-
51,144,normal,83,51-125,NORMAL,0.529,"sensor_3, cycle, sensor_11",low confidence
27,140,normal,84,53-125,NORMAL,0.874,"sensor_3, sensor_11, sensor_15",-
7,160,normal,84,56-125,NORMAL,0.832,"sensor_11, sensor_15, sensor_3",-
80,133,normal,84,45-125,NORMAL,0.757,"sensor_3, sensor_4, cycle",-
63,155,abnormal,84,37-121,NORMAL,0.651,"sensor_3, sensor_11, sensor_12",-
74,137,normal,85,48-125,NORMAL,0.599,"sensor_3, cycle, sensor_12",low confidence
4,106,normal,85,42-125,NORMAL,0.892,"sensor_11, sensor_3, sensor_12",-
28,158,normal,85,47-125,NORMAL,0.516,"sensor_3, cycle, sensor_4",low confidence
98,121,abnormal,86,38-125,NORMAL,0.856,"sensor_9, sensor_11, sensor_2",-
16,113,normal,87,67-125,NORMAL,0.989,"sensor_15, sensor_11, sensor_3",-
79,101,normal,88,57-125,NORMAL,0.807,"sensor_11, sensor_12, sensor_3",-
89,177,normal,88,45-125,NORMAL,0.583,"sensor_12, sensor_3, sensor_13",low confidence
55,113,normal,91,63-125,NORMAL,0.976,"sensor_3, sensor_15, sensor_12",-
97,134,normal,92,58-124,NORMAL,0.991,"sensor_3, sensor_11, sensor_15",-
75,88,normal,92,63-125,NORMAL,0.883,"sensor_4, cycle, sensor_13",-
6,105,normal,95,51-125,NORMAL,0.914,"sensor_3, sensor_11, sensor_12",-
30,143,normal,96,45-125,NORMAL,0.933,"sensor_11, sensor_12, sensor_15",-
50,74,normal,98,72-125,NORMAL,0.994,"cycle, sensor_9, sensor_3",-
11,83,normal,100,54-124,NORMAL,0.928,"sensor_9, cycle, sensor_12",-
71,68,normal,102,83-125,NORMAL,0.997,"cycle, sensor_15, sensor_11",-
12,217,normal,102,59-125,NORMAL,0.992,"cycle, sensor_12, sensor_3",-
95,89,normal,104,65-125,NORMAL,0.984,"sensor_12, sensor_11, sensor_3",-
67,71,normal,105,84-125,NORMAL,0.995,"cycle, sensor_11, sensor_2",-
26,76,normal,107,81-125,NORMAL,0.998,"sensor_3, cycle, sensor_15",-
15,76,normal,110,73-125,NORMAL,0.998,"cycle, sensor_15, sensor_12",-
47,73,normal,111,66-125,NORMAL,0.997,"cycle, sensor_3, sensor_8",-
73,112,normal,114,77-125,NORMAL,0.998,"sensor_15, sensor_11, sensor_3",-
87,56,normal,114,96-125,NORMAL,1.0,"cycle, sensor_15, sensor_3",-
23,130,normal,115,89-125,NORMAL,1.0,"sensor_15, sensor_11, sensor_20",-
83,73,normal,115,74-125,NORMAL,0.991,"cycle, sensor_12, sensor_14",-
96,97,normal,115,88-125,NORMAL,0.998,"sensor_15, sensor_3, sensor_20",-
48,78,normal,116,68-125,NORMAL,0.99,"cycle, sensor_3, sensor_12",-
54,121,normal,116,86-125,NORMAL,0.999,"sensor_15, sensor_12, sensor_3",-
33,50,normal,117,86-125,NORMAL,1.0,"cycle, sensor_11, sensor_3",-
9,55,normal,117,91-125,NORMAL,0.999,"cycle, sensor_3, sensor_8",-
78,72,normal,118,95-125,NORMAL,1.0,"cycle, sensor_3, sensor_12",-
39,37,normal,118,107-125,NORMAL,1.0,"cycle, sensor_3, sensor_15",-
69,54,normal,120,94-125,NORMAL,0.998,"cycle, sensor_12, sensor_8",-
44,54,normal,120,88-125,NORMAL,0.998,"cycle, sensor_3, sensor_2",-
99,97,normal,120,93-125,NORMAL,1.0,"sensor_3, sensor_15, sensor_11",-
2,49,normal,121,91-125,NORMAL,0.999,"cycle, sensor_3, sensor_13",-
25,48,normal,123,95-125,NORMAL,1.0,"cycle, sensor_11, sensor_12",-
22,39,normal,123,103-125,NORMAL,0.998,"cycle, sensor_3, sensor_11",-
65,71,normal,123,95-125,NORMAL,1.0,"cycle, sensor_11, sensor_3",-
85,34,normal,124,102-125,NORMAL,1.0,"cycle, sensor_3, sensor_8",-
1,31,normal,125,110-125,NORMAL,1.0,"cycle, sensor_3, sensor_15",-
14,46,normal,125,94-125,NORMAL,0.999,"cycle, sensor_3, sensor_17",-
59,94,normal,125,96-125,NORMAL,0.999,"sensor_15, sensor_2, sensor_13",-
88,68,normal,125,73-125,NORMAL,1.0,"cycle, sensor_13, sensor_9",-
