sensor,std,corr_with_rul,monotonicity,kept
sensor_1,0.0,0.0,0.0,False
sensor_2,0.5028,-0.6812,0.2485,True
sensor_3,6.1629,-0.6587,0.2266,True
sensor_4,9.0455,-0.7596,0.35,True
sensor_5,0.0,0.0,0.0,False
sensor_6,0.0014,0.0,0.0,False
sensor_7,0.8884,0.738,0.3395,True
sensor_8,0.0701,-0.6279,0.2962,True
sensor_9,21.3677,-0.4874,0.3467,True
sensor_10,0.0,0.0,0.0,False
sensor_11,0.2683,-0.7777,0.393,True
sensor_12,0.7389,0.7513,0.3646,True
sensor_13,0.0708,-0.6275,0.3011,True
sensor_14,18.3194,-0.3946,0.3564,True
sensor_15,0.0377,-0.7234,0.2925,True
sensor_16,0.0,0.0,0.0,False
sensor_17,1.5617,-0.6829,0.2491,True
sensor_18,0.0,0.0,0.0,False
sensor_19,0.0,0.0,0.0,False
sensor_20,0.1818,0.7046,0.2833,True
sensor_21,0.1087,0.7084,0.2791,True
